age,gender,respiratory,fever_or_muscle,mfcc1,mfcc2,mfcc3,mfcc4,mfcc5,mfcc6,mfcc7,mfcc8,mfcc9,mfcc10,mfcc11,mfcc12,mfcc13,mfcc14,mfcc15,mfcc16,mfcc17,mfcc18,mfcc19,mfcc20,mfcc21,mfcc22,mfcc23,mfcc24,mfcc25,mfcc26,mfcc27,mfcc28,mfcc29,mfcc30
30,0,0,0,-274.87695,28.882778,-18.68537,-8.305733,-8.6258745,-9.019613,-32.19136,-12.7991705,-4.6995935,2.2241182,-7.427151,10.141105,3.3080978,4.1061416,-7.7864847,-0.84914625,-6.2639017,-1.0356807,-4.1529098,-1.4771767,0.01921369,1.8141018,-2.0228243,1.8663716,-0.65650827,1.8620094,0.046309978,2.1937625,-4.5277276,1.0440344
